first_name,last_name
Evelyn,Reyes
Olivia,Sharma
Amelia,Martinez
Sofia,Jones
Ava,Robinson
Isabella,Lee
Charlotte,Brown
Mia,Garcia
Luna,Hernandez
Harper,Walker
Stella,Sanchez
Eleanor,Jackson
Riley,Davis
Violet,Miller
Layla,Anderson
Zoey,Wilson
Aurora,Thomas
Willow,Allen
Penelope,Moore
Scarlett,Parker
Nova,Campbell
Hazel,Evans
Luna,Gonzalez
Freya,Wilson
Iris,Garcia
Aurora,Robinson
Wren,Martinez
Juniper,Brown
Coral,Walker
Seraphina,Jackson
Eloise,Hernandez
Elara,Sharma
Amara,Davis
Lyra,Wright
Astrid,Thompson
Iris,Allen
Nova,Garcia
Evelyn,Hernandez
Opal,Thompson
Elara,Lee
Seraphina,Moore
Riley,Williams
Luna,Miller
Lyra,Anderson
Poppy,Davis
Elara,Lopez
Violet,Jones
Freya,Campbell
Opal,Sharma
Willow,Wright
Liam,Smith
Noah,Johnson
Elijah,Williams
William,Brown
Owen,Garcia
Lucas,Miller
James,Wilson
Henry,Rodriguez
Benjamin,Taylor
Oliver,Walker
Aiden,Thomas
Lucas,Hernandez
Ethan,Allen
Michael,Jackson
Daniel,Moore
Matthew,Lopez
Jackson,Martinez
Sebastian,Robinson
Dylan,Thompson
Christopher,Smith
Samuel,Davis
Gabriel,Parker
Alexander,Brown
Anthony,Jones
Adrian,Wilson
Gregory,Rodriguez
Andrew,Garcia
David,Hernandez
Joseph,Taylor
Nathan,Miller
Isaiah,Lee
Sebastian,Anderson
Jonathan,Moore
Gabriel,Allen
Ethan,Thompson
Christopher,Lopez
Marcus,Martinez
Alexander,Williams
Caleb,Jackson
Adrian,Parker
Daniel,Walker
Zachary,Wilson
William,Rodriguez
Gabriel,Jones
Matthew,Hernandez
Christopher,Wright
Lucas,Taylor
Elijah,Garcia
Andrew,Miller
Daniel,Allen
